{"prefix": {"roocs": "urn:roocs:", "provone": "https://purl.dataone.org/provone/2015/01/15/ontology#", "dcterms": "http://purl.org/dc/terms/"}, "agent": {"roocs:C3S_CDS": {"prov:type": {"$": "prov:Organization", "type": "prov:QUALIFIED_NAME"}, "prov:label": "Copernicus Climate Data Store", "dcterms:source": "https://cds.climate.copernicus.eu"}, "roocs:Provider": {"prov:type": {"$": "prov:Agent", "type": "prov:QUALIFIED_NAME"}, "prov:label": "Provider", "dcterms:source": "Rook"}, "roocs:rook_v0.17.1": {"prov:type": {"$": "prov:SoftwareAgent", "type": "prov:QUALIFIED_NAME"}, "prov:label": "Rook", "dcterms:source": "https://github.com/roocs/rook/releases/tag/v0.17.1"}, "roocs:clisops_v0.16.1": {"prov:type": {"$": "prov:SoftwareAgent", "type": "prov:QUALIFIED_NAME"}, "prov:label": "clisops", "dcterms:source": "https://github.com/roocs/clisops/releases/tag/v0.16.1"}}, "wasAttributedTo": {"_:id1": {"prov:entity": "roocs:rook_v0.17.1", "prov:agent": "roocs:C3S_CDS"}, "_:id2": {"prov:entity": "roocs:rook_v0.17.1", "prov:agent": "roocs:Provider"}}, "entity": {"roocs:workflow_a09de5d1-75d8-48e9-96e3-683c84f2b98e": {"prov:type": {"$": "provone:Workflow", "type": "prov:QUALIFIED_NAME"}}, "roocs:c3s-cmip6.ScenarioMIP.IPSL.IPSL-CM6A-LR.ssp126.r1i1p1f1.day.sfcWind.gr.v20190903": {"prov:type": {"$": "provone:Data", "type": "prov:QUALIFIED_NAME"}, "prov:label": "c3s-cmip6.ScenarioMIP.IPSL.IPSL-CM6A-LR.ssp126.r1i1p1f1.day.sfcWind.gr.v20190903"}, "roocs:sfcWind_day_IPSL-CM6A-LR_ssp126_r1i1p1f1_gr_20150101-20491231.nc": {"prov:type": {"$": "provone:Data", "type": "prov:QUALIFIED_NAME"}, "prov:label": "sfcWind_day_IPSL-CM6A-LR_ssp126_r1i1p1f1_gr_20150101-20491231.nc"}}, "activity": {"roocs:orchestrate_a09de5d1-75d8-48e9-96e3-683c84f2b98e": {"prov:type": {"$": "provone:Execution", "type": "prov:QUALIFIED_NAME"}, "prov:label": "orchestrate", "prov:startTime": "2025-12-02T15:04:17", "prov:endTime": "2025-12-02T15:04:32"}, "roocs:subset_sfcWind_1_9d6ea5dc-d93d-49e1-af15-2d74fcc481b0": {"prov:type": {"$": "provone:Execution", "type": "prov:QUALIFIED_NAME"}, "prov:label": "subset_sfcWind_1", "roocs:time": "2015/2049", "roocs:time_components": "year:2015,2016,2017,2018,2019,2020,2021,2022,2023,2024,2025,2026,2027,2028,2029,2030,2031,2032,2033,2034,2035,2036,2037,2038,2039,2040,2041,2042,2043,2044,2045,2046,2047,2048,2049", "roocs:area": "-53,-34,-49,-30", "roocs:apply_fixes": false}}, "wasAssociatedWith": {"_:id3": {"prov:activity": "roocs:orchestrate_a09de5d1-75d8-48e9-96e3-683c84f2b98e", "prov:agent": "roocs:rook_v0.17.1", "prov:plan": "roocs:workflow_a09de5d1-75d8-48e9-96e3-683c84f2b98e"}, "_:id4": {"prov:activity": "roocs:subset_sfcWind_1_9d6ea5dc-d93d-49e1-af15-2d74fcc481b0", "prov:agent": "roocs:clisops_v0.16.1", "prov:plan": "roocs:workflow_a09de5d1-75d8-48e9-96e3-683c84f2b98e"}}, "wasDerivedFrom": {"_:id5": {"prov:generatedEntity": "roocs:sfcWind_day_IPSL-CM6A-LR_ssp126_r1i1p1f1_gr_20150101-20491231.nc", "prov:usedEntity": "roocs:c3s-cmip6.ScenarioMIP.IPSL.IPSL-CM6A-LR.ssp126.r1i1p1f1.day.sfcWind.gr.v20190903", "prov:activity": "roocs:subset_sfcWind_1_9d6ea5dc-d93d-49e1-af15-2d74fcc481b0"}}}