{"prefix": {"roocs": "urn:roocs:", "provone": "https://purl.dataone.org/provone/2015/01/15/ontology#", "dcterms": "http://purl.org/dc/terms/"}, "agent": {"roocs:C3S_CDS": {"prov:type": {"$": "prov:Organization", "type": "prov:QUALIFIED_NAME"}, "prov:label": "Copernicus Climate Data Store", "dcterms:source": "https://cds.climate.copernicus.eu"}, "roocs:Provider": {"prov:type": {"$": "prov:Agent", "type": "prov:QUALIFIED_NAME"}, "prov:label": "Provider", "dcterms:source": "Rook"}, "roocs:rook_v0.17.1": {"prov:type": {"$": "prov:SoftwareAgent", "type": "prov:QUALIFIED_NAME"}, "prov:label": "Rook", "dcterms:source": "https://github.com/roocs/rook/releases/tag/v0.17.1"}, "roocs:clisops_v0.16.1": {"prov:type": {"$": "prov:SoftwareAgent", "type": "prov:QUALIFIED_NAME"}, "prov:label": "clisops", "dcterms:source": "https://github.com/roocs/clisops/releases/tag/v0.16.1"}}, "wasAttributedTo": {"_:id1": {"prov:entity": "roocs:rook_v0.17.1", "prov:agent": "roocs:C3S_CDS"}, "_:id2": {"prov:entity": "roocs:rook_v0.17.1", "prov:agent": "roocs:Provider"}}, "entity": {"roocs:workflow_f4a7384c-57d0-4690-b7ac-f593144c2178": {"prov:type": {"$": "provone:Workflow", "type": "prov:QUALIFIED_NAME"}}, "roocs:c3s-cmip6.CMIP.IPSL.IPSL-CM6A-LR.historical.r1i1p1f1.day.sfcWind.gr.v20180803": {"prov:type": {"$": "provone:Data", "type": "prov:QUALIFIED_NAME"}, "prov:label": "c3s-cmip6.CMIP.IPSL.IPSL-CM6A-LR.historical.r1i1p1f1.day.sfcWind.gr.v20180803"}, "roocs:sfcWind_day_IPSL-CM6A-LR_historical_r1i1p1f1_gr_19800101-20141231.nc": {"prov:type": {"$": "provone:Data", "type": "prov:QUALIFIED_NAME"}, "prov:label": "sfcWind_day_IPSL-CM6A-LR_historical_r1i1p1f1_gr_19800101-20141231.nc"}}, "activity": {"roocs:orchestrate_f4a7384c-57d0-4690-b7ac-f593144c2178": {"prov:type": {"$": "provone:Execution", "type": "prov:QUALIFIED_NAME"}, "prov:label": "orchestrate", "prov:startTime": "2025-12-02T14:59:33", "prov:endTime": "2025-12-02T14:59:54"}, "roocs:subset_sfcWind_1_9f9b4376-0ecc-44a8-aa57-4efe1d136cb1": {"prov:type": {"$": "provone:Execution", "type": "prov:QUALIFIED_NAME"}, "prov:label": "subset_sfcWind_1", "roocs:time": "1980/2014", "roocs:time_components": "year:1980,1981,1982,1983,1984,1985,1986,1987,1988,1989,1990,1991,1992,1993,1994,1995,1996,1997,1998,1999,2000,2001,2002,2003,2004,2005,2006,2007,2008,2009,2010,2011,2012,2013,2014", "roocs:area": "-53,-34,-49,-30", "roocs:apply_fixes": false}}, "wasAssociatedWith": {"_:id3": {"prov:activity": "roocs:orchestrate_f4a7384c-57d0-4690-b7ac-f593144c2178", "prov:agent": "roocs:rook_v0.17.1", "prov:plan": "roocs:workflow_f4a7384c-57d0-4690-b7ac-f593144c2178"}, "_:id4": {"prov:activity": "roocs:subset_sfcWind_1_9f9b4376-0ecc-44a8-aa57-4efe1d136cb1", "prov:agent": "roocs:clisops_v0.16.1", "prov:plan": "roocs:workflow_f4a7384c-57d0-4690-b7ac-f593144c2178"}}, "wasDerivedFrom": {"_:id5": {"prov:generatedEntity": "roocs:sfcWind_day_IPSL-CM6A-LR_historical_r1i1p1f1_gr_19800101-20141231.nc", "prov:usedEntity": "roocs:c3s-cmip6.CMIP.IPSL.IPSL-CM6A-LR.historical.r1i1p1f1.day.sfcWind.gr.v20180803", "prov:activity": "roocs:subset_sfcWind_1_9f9b4376-0ecc-44a8-aa57-4efe1d136cb1"}}}